statement_file,distributor,statement_period,currency,rows_in,footer_total_local,read_seconds,rows_loaded,rows_quarantined,status
A_2019-01.csv,A,2019-01,USD,7030,,0.024,7006,3,REVIEW
A_2019-02.csv,A,2019-02,USD,7144,,0.026,7120,3,REVIEW
A_2019-03.csv,A,2019-03,USD,7963,,0.027,7936,3,REVIEW
A_2019-04.csv,A,2019-04,USD,7631,,0.027,7605,3,REVIEW
A_2019-05.csv,A,2019-05,USD,8618,,0.028,8589,3,REVIEW
A_2019-06.csv,A,2019-06,USD,7462,,0.03,7437,3,REVIEW
A_2019-07.csv,A,2019-07,USD,8093,,0.025,8066,3,REVIEW
A_2019-08.csv,A,2019-08,USD,8969,,0.026,8939,3,REVIEW
A_2019-09.csv,A,2019-09,USD,9108,,0.026,9078,3,REVIEW
A_2019-10.csv,A,2019-10,USD,7469,,0.024,7444,3,REVIEW
B_2019-01.xlsx,B,2019-01,EUR,4945,7621199.58,0.545,4944,1,AUTO-PASS
B_2019-02.xlsx,B,2019-02,EUR,4882,7868978.26,0.373,4882,0,AUTO-PASS
B_2019-03.xlsx,B,2019-03,EUR,5608,10449666.96,0.504,5608,0,AUTO-PASS
B_2019-03_resend.xlsx,B,2019-03,EUR,5608,10449666.96,0.402,0,0,REJECTED
B_2019-04.xlsx,B,2019-04,EUR,5335,8935050.35,0.492,5335,0,AUTO-PASS
B_2019-05.xlsx,B,2019-05,EUR,5576,10943070.56,1.242,5576,0,AUTO-PASS
B_2019-06.xlsx,B,2019-06,EUR,5344,9006828.47,0.403,5344,0,AUTO-PASS
B_2019-07.xlsx,B,2019-07,EUR,4827,8458110.97,0.35,4827,0,REVIEW
B_2019-08.xlsx,B,2019-08,EUR,4959,9248012.1,0.349,4959,0,AUTO-PASS
B_2019-09.xlsx,B,2019-09,EUR,4431,7101082.32,0.315,4431,0,AUTO-PASS
B_2019-10.xlsx,B,2019-10,EUR,4354,5933131.27,0.321,4354,0,AUTO-PASS
C_2019-01.csv,C,2019-01,GBP,3157,,0.028,3153,4,AUTO-PASS
C_2019-02.csv,C,2019-02,GBP,3933,,0.028,3929,4,AUTO-PASS
C_2019-03.csv,C,2019-03,GBP,3397,,0.025,3393,4,AUTO-PASS
C_2019-04.csv,C,2019-04,GBP,3455,,0.029,3451,4,AUTO-PASS
C_2019-05.csv,C,2019-05,GBP,3870,,0.031,3866,4,AUTO-PASS
C_2019-07.csv,C,2019-07,GBP,3171,,0.024,3167,4,AUTO-PASS
C_2019-08.csv,C,2019-08,GBP,3208,,0.125,3204,4,AUTO-PASS
C_2019-09.csv,C,2019-09,GBP,3305,,0.12,3301,4,AUTO-PASS
C_2019-10.csv,C,2019-10,GBP,3069,,0.121,3065,4,AUTO-PASS
